Event ID,Event Name,Date,Location,Organizer,Attendees,Registration Fee,Tickets Sold,Event Status,Event Duration (days),Ticket Categories,Revenue,Expenses,Profit/Loss,Ratings
E0001,Future-proofed incremental implementation,2023-08-29,Normanhaven,"Johnson, Miller and Martin",752,69,732,Upcoming,4,"VIP, General",50508,13483,37025,4.0
E0002,Front-line bandwidth-monitored monitoring,2023-10-08,Cassandraside,Conway Inc,124,74,760,Ongoing,2,General,56240,7441,48799,3.8
E0003,Ergonomic systematic challenge,2023-08-20,Jasonland,Hartman-Yoder,753,28,83,Completed,2,VIP,2324,13399,-11075,4.9
E0004,Fundamental logistical array,2023-10-16,Lake Brooke,"Ingram, Tucker and Palmer",533,88,161,Completed,2,General,14168,18158,-3990,3.8
E0005,Distributed stable superstructure,2023-08-19,East Garymouth,Williams Group,198,62,526,Upcoming,1,"VIP, General",32612,18024,14588,3.1
E0006,Secured bi-directional emulation,2023-08-20,Pattersonview,Zavala and Sons,330,64,713,Ongoing,5,General,45632,14409,31223,4.6
E0007,User-centric executive leverage,2023-09-30,South Mackenzie,"Mason, Cervantes and Hunter",958,20,262,Completed,4,VIP,5240,16985,-11745,4.7
E0008,Business-focused intermediate conglomeration,2023-10-07,Davidberg,Smith-Marshall,247,50,534,Ongoing,5,"VIP, General",26700,19836,6864,5.0
E0009,Mandatory client-driven product,2023-09-02,West Courtney,"Russell, Harris and Strickland",326,45,344,Upcoming,3,General,15480,13893,1587,5.0
E0010,Future-proofed modular neural-net,2023-09-16,Butlerberg,Ramos Ltd,702,29,194,Completed,2,VIP,5626,5206,420,3.1
E0011,Reduced full-range portal,2023-08-19,Port Michelle,Nguyen-Smith,944,31,155,Upcoming,5,"VIP, General",4805,13292,-8487,4.0
E0012,Public-key modular secured line,2023-08-23,East Joseph,Contreras Group,350,59,831,Ongoing,2,General,49029,10828,38201,4.8
E0013,Compatible mobile access,2023-09-07,Rebeccahaven,Young-Quinn,905,50,770,Completed,2,VIP,38500,15844,22656,4.7
E0014,Triple-buffered clear-thinking interface,2023-08-27,Christophertown,Jenkins Group,621,42,241,Completed,5,General,10122,14896,-4774,3.1
E0015,Synchronized 24/7 application,2023-09-11,Michellefort,"Lawson, Lowery and Aguilar",575,34,419,Upcoming,4,"VIP, General",14246,17145,-2899,3.6
E0016,Managed eco-centric focus group,2023-09-24,Lake Emily,Bernard-Howard,802,14,373,Ongoing,5,General,5222,10795,-5573,4.6
E0017,Implemented optimal open architecture,2023-09-14,Emilychester,Jackson LLC,259,24,332,Completed,4,VIP,7968,5201,2767,3.3
E0018,Virtual coherent structure,2023-08-17,Morganshire,"Scott, Salazar and Gomez",497,29,61,Ongoing,2,"VIP, General",1769,8714,-6945,4.1
E0019,Innovative dedicated paradigm,2023-09-08,Port Patrickberg,Briggs-Hunter,232,97,87,Upcoming,4,General,8439,14078,-5639,3.0
E0020,Public-key global challenge,2023-10-08,Lake Mercedesview,Anderson-Hood,393,53,793,Completed,5,VIP,42029,12225,29804,4.6
E0021,Customer-focused optimal encryption,2023-09-14,North Josephshire,Martinez-Barnes,240,70,591,Upcoming,4,"VIP, General",41370,14816,26554,3.6
E0022,Configurable even-keeled archive,2023-09-13,West Jonside,"Bell, Jackson and Johnson",454,35,257,Ongoing,3,General,8995,18290,-9295,3.3
E0023,Object-based intangible emulation,2023-09-25,Tammymouth,Watkins-Morrow,710,46,696,Completed,1,VIP,32016,15162,16854,4.8
E0024,Managed 24hour firmware,2023-09-11,East Robertmouth,Aguirre LLC,215,80,212,Completed,4,General,16960,7121,9839,3.2
E0025,Fundamental contextually-based data-warehouse,2023-10-11,Port Jeffreyview,"Simmons, Collins and Park",701,44,295,Upcoming,4,"VIP, General",12980,11546,1434,4.5
E0026,Multi-layered human-resource Graphic Interface,2023-08-24,New Andrew,Howard-Wagner,715,96,758,Ongoing,5,General,72768,7604,65164,3.4
E0027,Optimized homogeneous hardware,2023-08-31,Thomasfort,"Bautista, Steele and Pope",830,28,793,Completed,5,VIP,22204,5133,17071,4.2
E0028,Self-enabling zero administration functionalities,2023-08-26,Pamelaside,Prince Inc,788,100,711,Ongoing,1,"VIP, General",71100,6233,64867,4.7
E0029,Decentralized executive budgetary management,2023-09-27,North Tina,Reynolds Ltd,262,18,736,Upcoming,3,General,13248,14289,-1041,3.5
E0030,Versatile web-enabled help-desk,2023-10-07,Anashire,Jenkins-Hernandez,803,26,677,Completed,4,VIP,17602,12934,4668,4.0
E0031,Phased mobile contingency,2023-10-10,North Lauren,Camacho-Briggs,145,79,285,Upcoming,5,"VIP, General",22515,14474,8041,4.1
E0032,Proactive composite firmware,2023-10-13,Nicholaston,Contreras-Brennan,568,91,901,Ongoing,3,General,81991,19069,62922,4.2
E0033,De-engineered context-sensitive protocol,2023-09-26,New Jennifer,Clarke-Wilson,278,47,447,Completed,2,VIP,21009,14923,6086,4.6
E0034,Persevering mobile secured line,2023-10-07,Port Michael,"Smith, Spencer and Rodriguez",559,38,380,Completed,4,General,14440,14142,298,4.1
E0035,Advanced 24hour architecture,2023-09-13,Port Rachelville,Stanley and Sons,787,90,256,Upcoming,3,"VIP, General",23040,6163,16877,4.5
E0036,Intuitive mobile policy,2023-08-24,Riostown,Cunningham and Sons,669,79,421,Ongoing,5,General,33259,8334,24925,3.4
E0037,Multi-layered context-sensitive throughput,2023-10-09,Lake Jason,Burton Inc,787,53,404,Completed,4,VIP,21412,15170,6242,3.2
E0038,Proactive interactive budgetary management,2023-10-06,West Lisa,Guerrero Ltd,364,97,76,Ongoing,2,"VIP, General",7372,12806,-5434,4.0
E0039,Persevering secondary pricing structure,2023-10-15,Williamsside,"Gill, Johnson and Martin",915,69,110,Upcoming,2,General,7590,5620,1970,4.8
E0040,Configurable 5thgeneration application,2023-10-08,Lauramouth,Bryant Group,950,34,322,Completed,5,VIP,10948,19838,-8890,3.8
E0041,Business-focused maximized workforce,2023-09-25,Carrollberg,Bradley-Scott,733,59,367,Upcoming,5,"VIP, General",21653,18790,2863,3.0
E0042,Multi-layered maximized system engine,2023-10-02,Boyerside,Martinez Ltd,765,68,233,Ongoing,3,General,15844,8866,6978,3.7
E0043,Reduced regional array,2023-10-11,North Dawn,"Baker, Villegas and Murphy",297,54,821,Completed,2,VIP,44334,19787,24547,3.5
E0044,Secured multi-state data-warehouse,2023-08-22,North Kevin,Butler PLC,516,86,231,Completed,5,General,19866,7536,12330,3.1
E0045,Assimilated zero administration application,2023-09-27,Lake David,Burns-King,740,52,920,Upcoming,2,"VIP, General",47840,12025,35815,4.3
E0046,Enterprise-wide systemic matrix,2023-09-20,North Michelle,"Rose, Ward and King",586,20,898,Ongoing,1,General,17960,7356,10604,4.2
E0047,Organized clear-thinking benchmark,2023-09-06,Florestown,"Thompson, Osborne and Walker",934,15,265,Completed,5,VIP,3975,16682,-12707,4.2
E0048,Open-source full-range hub,2023-08-30,Lake Jacob,"Ferguson, Foster and Anderson",368,69,693,Ongoing,3,"VIP, General",47817,17897,29920,3.1
E0049,Balanced logistical matrices,2023-08-22,Murphyview,"Bell, Moyer and Smith",381,84,265,Upcoming,1,General,22260,7276,14984,3.2
E0050,Extended secondary middleware,2023-08-23,New Amanda,"Roman, Carpenter and Harris",748,49,71,Completed,5,VIP,3479,17819,-14340,4.1
E0051,Re-contextualized fresh-thinking synergy,2023-09-12,Santiagotown,Conway Group,301,35,648,Upcoming,1,"VIP, General",22680,5696,16984,4.1
E0052,Object-based mobile framework,2023-09-16,Lauratown,Buckley-Reynolds,118,45,699,Ongoing,3,General,31455,15846,15609,3.4
E0053,Automated human-resource knowledge user,2023-08-19,North Thomas,Wade PLC,446,62,795,Completed,1,VIP,49290,16147,33143,4.7
E0054,Triple-buffered national contingency,2023-09-26,South Sarah,Bates LLC,251,77,213,Completed,4,General,16401,10576,5825,3.8
E0055,Phased disintermediate protocol,2023-10-11,New Richardmouth,"Robinson, Reed and Patel",356,27,433,Upcoming,2,"VIP, General",11691,14259,-2568,3.9
E0056,Reactive national concept,2023-09-01,East Edward,Cisneros-Smith,803,33,292,Ongoing,1,General,9636,18475,-8839,3.3
E0057,Cloned foreground workforce,2023-09-07,Alexandratown,Lynch LLC,171,93,601,Completed,3,VIP,55893,19836,36057,3.4
E0058,Universal mobile groupware,2023-09-15,Lake Nataliebury,Meyers PLC,625,36,924,Ongoing,1,"VIP, General",33264,14874,18390,5.0
E0059,Compatible hybrid Local Area Network,2023-09-20,Port Coryfort,Gonzalez-Prince,607,90,705,Upcoming,1,General,63450,15461,47989,3.8
E0060,Profit-focused explicit encryption,2023-08-25,West Angelachester,Martin LLC,913,78,617,Completed,3,VIP,48126,12510,35616,4.8
E0061,Multi-tiered asymmetric middleware,2023-09-14,North Heather,Young-Maxwell,230,41,935,Upcoming,1,"VIP, General",38335,16907,21428,3.2
E0062,Down-sized regional software,2023-08-18,West Jessicatown,Floyd-Murray,932,72,410,Ongoing,1,General,29520,18197,11323,3.7
E0063,Multi-tiered dynamic hierarchy,2023-08-20,South Brittanyfurt,Jones-Tapia,735,80,710,Completed,2,VIP,56800,10292,46508,3.9
E0064,Multi-tiered holistic encryption,2023-10-11,Kimberlyfurt,Gutierrez Inc,665,69,516,Completed,1,General,35604,8504,27100,4.1
E0065,Robust mission-critical emulation,2023-09-11,Lake Chadburgh,"Perkins, Tate and Garcia",743,18,90,Upcoming,3,"VIP, General",1620,13358,-11738,4.4
E0066,Cross-platform heuristic open architecture,2023-09-24,Franciscoton,Robinson-Brown,103,16,525,Ongoing,1,General,8400,19497,-11097,3.8
E0067,Enhanced mission-critical website,2023-10-09,South Derekmouth,Martinez-Hernandez,838,80,285,Completed,2,VIP,22800,18896,3904,4.8
E0068,Triple-buffered systemic extranet,2023-10-12,Port Sarahland,"Henry, Brown and Brooks",772,99,822,Ongoing,5,"VIP, General",81378,14441,66937,4.5
E0069,Operative scalable artificial intelligence,2023-09-27,West Willie,Grimes-Brown,786,99,950,Upcoming,2,General,94050,7998,86052,4.1
E0070,Enhanced bandwidth-monitored utilization,2023-08-29,West Sharon,"Pope, Crosby and Hernandez",478,40,643,Completed,1,VIP,25720,11533,14187,4.8
E0071,Balanced explicit hub,2023-09-09,Jeffreyfort,Hogan Inc,284,39,714,Upcoming,3,"VIP, General",27846,12521,15325,4.0
E0072,Programmable value-added Graphical User Interface,2023-09-23,Medinahaven,"Chavez, Hill and Robinson",880,98,696,Ongoing,4,General,68208,14973,53235,3.7
E0073,Assimilated full-range definition,2023-10-10,North James,"Collins, Jones and Drake",476,64,617,Completed,3,VIP,39488,5871,33617,4.4
E0074,Innovative mission-critical installation,2023-08-28,North Thomasbury,Bush-Rodriguez,920,63,738,Completed,4,General,46494,10652,35842,4.5
E0075,Balanced intangible hierarchy,2023-09-13,West Phillip,Burnett and Sons,347,70,896,Upcoming,4,"VIP, General",62720,8532,54188,3.9
E0076,Function-based actuating website,2023-09-11,Emilyview,"Guerrero, Chandler and Rowe",791,63,938,Ongoing,1,General,59094,17731,41363,4.5
E0077,Integrated asynchronous hardware,2023-09-17,Robinsonfort,Edwards Inc,996,65,105,Completed,2,VIP,6825,19448,-12623,4.0
E0078,Future-proofed coherent implementation,2023-10-07,New Angela,Smith PLC,274,95,197,Ongoing,4,"VIP, General",18715,19096,-381,3.9
E0079,User-friendly reciprocal infrastructure,2023-09-26,Johnsonberg,"Bennett, Adams and Horn",556,39,173,Upcoming,2,General,6747,5189,1558,4.1
E0080,Enterprise-wide attitude-oriented secured line,2023-09-30,Lake Sethburgh,"Thomas, Holt and Wells",647,86,808,Completed,3,VIP,69488,13128,56360,4.9
E0081,Multi-layered leadingedge benchmark,2023-09-15,Brandontown,Wood-Harris,683,33,335,Upcoming,2,"VIP, General",11055,11016,39,4.6
E0082,Cross-group demand-driven info-mediaries,2023-09-07,Jorgemouth,Taylor-Salinas,118,10,323,Ongoing,5,General,3230,17761,-14531,3.1
E0083,Centralized mission-critical function,2023-09-10,Lake William,"Ruiz, Rios and Eaton",405,81,865,Completed,5,VIP,70065,16689,53376,4.7
E0084,Configurable dedicated leverage,2023-10-10,East James,Crosby LLC,577,43,849,Completed,3,General,36507,13488,23019,3.0
E0085,Customer-focused bifurcated definition,2023-09-11,South Dianefurt,Wright-Ochoa,276,67,157,Upcoming,1,"VIP, General",10519,19879,-9360,4.8
E0086,Open-source actuating knowledge user,2023-08-22,Beasleymouth,Davis Inc,521,44,722,Ongoing,1,General,31768,12708,19060,3.7
E0087,Monitored global workforce,2023-09-14,Andrewhaven,Ferguson LLC,539,45,233,Completed,3,VIP,10485,8424,2061,4.0
E0088,Reactive encompassing product,2023-10-07,West Gregorytown,Weaver and Sons,369,78,863,Ongoing,5,"VIP, General",67314,6363,60951,4.8
E0089,Cross-platform high-level methodology,2023-09-19,Campbellville,"House, Thompson and Allen",639,13,255,Upcoming,2,General,3315,9226,-5911,4.5
E0090,Compatible homogeneous moderator,2023-09-15,Lake Kennethburgh,"Ewing, Brooks and Mora",330,67,140,Completed,1,VIP,9380,11364,-1984,3.8
E0091,Open-architected real-time challenge,2023-09-28,Acevedoville,"Diaz, Hubbard and Stein",990,87,311,Upcoming,4,"VIP, General",27057,18863,8194,4.9
E0092,Multi-channeled neutral extranet,2023-09-13,East Kimberly,Wilson-Santiago,836,51,273,Ongoing,5,General,13923,10311,3612,4.0
E0093,Reverse-engineered systematic framework,2023-09-08,North Jesse,Eaton and Sons,661,49,782,Completed,2,VIP,38318,14691,23627,3.0
E0094,Stand-alone cohesive conglomeration,2023-09-28,New Pamelahaven,Powell-Pearson,134,87,467,Completed,5,General,40629,19678,20951,5.0
E0095,Universal attitude-oriented initiative,2023-10-10,Hammondmouth,Nicholson-Jenkins,556,75,755,Upcoming,3,"VIP, General",56625,14032,42593,4.3
E0096,Multi-layered solution-oriented architecture,2023-09-10,Kevinmouth,"Martinez, Floyd and Thompson",783,100,921,Ongoing,1,General,92100,16028,76072,3.5
E0097,Organized executive monitoring,2023-09-18,East Thomas,Dunn-Pacheco,101,54,481,Completed,5,VIP,25974,11236,14738,3.9
E0098,Innovative dedicated initiative,2023-09-07,Goodmantown,Hansen-Mason,762,15,888,Ongoing,1,"VIP, General",13320,5166,8154,3.7
E0099,Re-contextualized attitude-oriented initiative,2023-10-03,Adkinsshire,Baker-Buckley,577,39,519,Upcoming,4,General,20241,15537,4704,4.1
E0100,Ameliorated zero administration superstructure,2023-09-04,Port Dianaview,"Little, Solomon and Garrison",732,33,683,Completed,4,VIP,22539,9850,12689,4.9
E0101,Reverse-engineered zero-defect flexibility,2023-08-26,Catherinebury,Flores-Smith,499,73,225,Upcoming,3,"VIP, General",16425,19461,-3036,3.7
E0102,Exclusive 4thgeneration challenge,2023-10-04,Stephanieville,"Hall, Armstrong and Avila",404,64,187,Ongoing,1,General,11968,7683,4285,4.3
E0103,Function-based maximized collaboration,2023-09-11,South Jordanbury,Jackson-Daniels,436,78,477,Completed,2,VIP,37206,19919,17287,4.3
E0104,Persistent heuristic methodology,2023-09-27,South Zachary,"Robinson, Collins and Woods",606,52,390,Completed,5,General,20280,17698,2582,3.9
E0105,Function-based empowering matrices,2023-10-03,Youngport,Palmer Ltd,449,71,568,Upcoming,3,"VIP, General",40328,11154,29174,3.6
E0106,Fundamental foreground access,2023-08-21,Heatherfurt,Nguyen-Long,365,41,772,Ongoing,1,General,31652,10438,21214,4.7
E0107,Switchable disintermediate standardization,2023-09-05,Knightfurt,"Chang, Jones and Watts",606,11,721,Completed,4,VIP,7931,12553,-4622,3.7
E0108,Devolved explicit throughput,2023-09-06,Garrettmouth,Daniels LLC,539,59,605,Ongoing,4,"VIP, General",35695,5113,30582,4.6
E0109,Proactive regional projection,2023-08-27,North Darlene,"Bailey, Patterson and Morris",954,44,64,Upcoming,5,General,2816,19863,-17047,3.5
E0110,Cross-group stable strategy,2023-09-22,Rogersmouth,Thompson PLC,250,25,886,Completed,5,VIP,22150,12537,9613,4.3
E0111,Total optimal help-desk,2023-09-06,Mariastad,Nunez Group,803,75,676,Upcoming,2,"VIP, General",50700,17306,33394,3.9
E0112,Object-based value-added moderator,2023-09-25,East Cassandrafort,"Castillo, Nelson and Hudson",717,73,883,Ongoing,5,General,64459,6010,58449,3.3
E0113,Ergonomic clear-thinking success,2023-08-30,New Debbiehaven,Valenzuela-Moreno,162,49,775,Completed,4,VIP,37975,12807,25168,3.6
E0114,Profit-focused bottom-line secured line,2023-08-23,Lake Williamfurt,"Morris, Lewis and Smith",933,76,787,Completed,1,General,59812,16838,42974,4.9
E0115,Expanded asynchronous interface,2023-09-12,Nathanielmouth,Curry-Wilson,761,71,69,Upcoming,4,"VIP, General",4899,11406,-6507,4.8
E0116,Re-engineered zero-defect monitoring,2023-09-10,West Christopher,"Jackson, Alvarez and Ortiz",683,26,199,Ongoing,3,General,5174,10936,-5762,4.6
E0117,Adaptive background policy,2023-09-22,Aaronmouth,Gonzalez-Ryan,619,93,792,Completed,4,VIP,73656,15263,58393,3.5
E0118,Synchronized optimal customer loyalty,2023-10-13,New Danielfurt,"Fields, Hutchinson and Hunter",202,84,433,Ongoing,5,"VIP, General",36372,15118,21254,3.9
E0119,Customizable attitude-oriented analyzer,2023-08-31,East Sarafurt,"Barnett, Jones and Rice",615,36,794,Upcoming,2,General,28584,11508,17076,3.7
E0120,Open-architected local artificial intelligence,2023-09-18,Wallaceberg,Wolfe and Sons,708,31,515,Completed,5,VIP,15965,16740,-775,3.2
E0121,Synergistic dedicated neural-net,2023-08-21,Ellisonport,Gibbs-Mcbride,486,60,166,Upcoming,1,"VIP, General",9960,18580,-8620,3.4
E0122,Compatible empowering matrix,2023-08-21,East David,Anderson-Hurst,231,75,875,Ongoing,3,General,65625,15660,49965,3.1
E0123,Upgradable client-driven interface,2023-10-13,West Paulborough,"Hernandez, Goodman and Richardson",779,25,153,Completed,1,VIP,3825,5412,-1587,4.5
E0124,Switchable secondary portal,2023-09-25,Williamborough,Martinez-Sanford,446,69,200,Completed,5,General,13800,18823,-5023,3.1
E0125,Visionary 3rdgeneration attitude,2023-09-11,Lake Misty,"Kirk, Adkins and Gray",999,90,908,Upcoming,3,"VIP, General",81720,11525,70195,4.1
E0126,Advanced heuristic open system,2023-08-26,Port Christopher,"Vance, Ortega and Jacobson",435,76,727,Ongoing,1,General,55252,12219,43033,4.2
E0127,Monitored actuating installation,2023-08-31,Woodsside,Obrien-Benjamin,897,40,97,Completed,2,VIP,3880,18988,-15108,4.0
E0128,Cross-platform 3rdgeneration paradigm,2023-09-19,Port Lacey,Jackson-Donaldson,660,85,838,Ongoing,4,"VIP, General",71230,17323,53907,3.5
E0129,Total client-driven productivity,2023-10-14,South Ronaldtown,"Delgado, Gray and Stark",146,19,550,Upcoming,3,General,10450,14180,-3730,4.2
E0130,Organic object-oriented migration,2023-08-21,Port Suzanneberg,Smith-Martinez,791,38,599,Completed,4,VIP,22762,7230,15532,5.0
E0131,Business-focused mobile alliance,2023-08-27,Loweryborough,Harrison-Brown,298,75,240,Upcoming,2,"VIP, General",18000,14614,3386,3.2
E0132,Horizontal uniform infrastructure,2023-09-13,West Christy,"Delgado, Hobbs and Brown",579,80,267,Ongoing,2,General,21360,5699,15661,4.1
E0133,Managed client-server adapter,2023-08-26,Jacquelineview,Humphrey-Collins,374,84,193,Completed,4,VIP,16212,12959,3253,4.1
E0134,Streamlined next generation solution,2023-10-12,Arellanoborough,Morrison-Lee,450,93,165,Completed,3,General,15345,15462,-117,4.7
E0135,Exclusive bifurcated info-mediaries,2023-09-23,Lorihaven,Mckee LLC,298,32,726,Upcoming,3,"VIP, General",23232,15361,7871,4.6
E0136,Phased optimal throughput,2023-10-04,South Pamtown,Stewart Ltd,308,67,732,Ongoing,1,General,49044,10963,38081,4.9
E0137,Assimilated interactive strategy,2023-10-06,East Lonnie,"Armstrong, Powell and King",300,33,550,Completed,1,VIP,18150,5491,12659,4.1
E0138,Open-source even-keeled capability,2023-09-19,North Bridget,"Ross, Smith and Smith",324,68,506,Ongoing,3,"VIP, General",34408,9912,24496,3.8
E0139,Vision-oriented responsive collaboration,2023-10-10,North Charlesmouth,Mcdonald-Pearson,927,27,414,Upcoming,5,General,11178,15515,-4337,3.8
E0140,Grass-roots intangible array,2023-09-19,Melissafurt,Barnes Ltd,268,90,111,Completed,5,VIP,9990,8668,1322,4.2
E0141,Advanced encompassing middleware,2023-08-18,Luisfurt,Potts-Dillon,695,29,456,Upcoming,1,"VIP, General",13224,17992,-4768,4.0
E0142,Versatile executive time-frame,2023-08-31,Stacyfort,Hayes-Peterson,864,31,543,Ongoing,4,General,16833,18013,-1180,3.3
E0143,Business-focused multimedia pricing structure,2023-09-21,Coleland,"Lee, Wallace and Rodriguez",331,14,171,Completed,3,VIP,2394,18139,-15745,3.1
E0144,Managed eco-centric artificial intelligence,2023-08-20,Calhounshire,Thompson LLC,424,57,345,Completed,3,General,19665,15030,4635,4.4
E0145,Balanced impactful functionalities,2023-09-07,Rebeccaton,"Jones, Reynolds and Watkins",516,42,916,Upcoming,3,"VIP, General",38472,6142,32330,4.8
E0146,Decentralized coherent orchestration,2023-08-21,North Abigailmouth,Miranda Ltd,575,36,804,Ongoing,4,General,28944,10106,18838,4.8
E0147,Grass-roots leadingedge time-frame,2023-09-05,Russellborough,"Gill, Berg and Hernandez",180,71,310,Completed,5,VIP,22010,14390,7620,4.5
E0148,Universal solution-oriented matrices,2023-09-19,Lake Heather,"Henry, Walker and Chavez",345,18,485,Ongoing,2,"VIP, General",8730,8631,99,3.7
E0149,Optional zero-defect middleware,2023-10-09,East Heather,Walker and Sons,533,96,240,Upcoming,3,General,23040,7129,15911,3.5
E0150,Multi-channeled grid-enabled benchmark,2023-10-01,Ryanmouth,Williams PLC,306,16,617,Completed,5,VIP,9872,16630,-6758,4.1
E0151,Networked dynamic knowledge user,2023-10-13,Silvaview,Fisher-Snyder,381,79,570,Upcoming,2,"VIP, General",45030,7940,37090,3.5
E0152,Future-proofed secondary emulation,2023-09-02,North Ryan,Bass Ltd,251,97,579,Ongoing,3,General,56163,14826,41337,4.1
E0153,Monitored interactive hierarchy,2023-08-23,Kennedytown,"Benson, Lopez and Thomas",495,66,591,Completed,1,VIP,39006,14106,24900,3.0
E0154,Seamless transitional customer loyalty,2023-10-05,Lake Joshua,"Perez, Stone and Williams",149,15,160,Completed,1,General,2400,8831,-6431,3.9
E0155,Front-line client-driven collaboration,2023-10-16,North Sandraton,Ramirez PLC,333,46,633,Upcoming,5,"VIP, General",29118,14670,14448,3.2
E0156,Ameliorated attitude-oriented flexibility,2023-08-29,North Sarahbury,"Gonzales, Smith and Harrington",658,40,472,Ongoing,1,General,18880,8511,10369,4.9
E0157,Exclusive grid-enabled monitoring,2023-09-08,Lake Kathy,Carter PLC,818,21,714,Completed,2,VIP,14994,6335,8659,3.2
E0158,Customizable heuristic circuit,2023-09-25,Kristenland,"Johnson, Farmer and Lee",767,45,569,Ongoing,4,"VIP, General",25605,9877,15728,3.6
E0159,Realigned radical task-force,2023-09-13,East Tammyfurt,Pittman-Todd,581,61,624,Upcoming,5,General,38064,10214,27850,3.2
E0160,Reverse-engineered mission-critical initiative,2023-10-01,Murrayport,Price and Sons,782,58,727,Completed,2,VIP,42166,5765,36401,4.3
E0161,Up-sized content-based system engine,2023-10-08,North Tanya,Cooke and Sons,657,60,258,Upcoming,4,"VIP, General",15480,13242,2238,4.2
E0162,Optimized zero-defect benchmark,2023-10-12,New Matthew,Allen-Bishop,534,68,859,Ongoing,2,General,58412,13399,45013,4.0
E0163,Stand-alone upward-trending neural-net,2023-10-15,Lesliefort,Woodard and Sons,533,18,594,Completed,4,VIP,10692,6796,3896,3.2
E0164,De-engineered zero-defect hierarchy,2023-08-25,Port Cristianview,"Cruz, Jackson and Barnes",227,78,510,Completed,1,General,39780,15422,24358,4.7
E0165,Polarized high-level frame,2023-09-16,Josephmouth,Carr-Adams,768,84,646,Upcoming,3,"VIP, General",54264,17339,36925,3.8
E0166,Centralized content-based installation,2023-09-08,Richardmouth,"Diaz, Williams and Davis",507,57,360,Ongoing,3,General,20520,11876,8644,4.6
E0167,Upgradable mobile capability,2023-08-31,North Jonathanville,Cross-Henderson,964,36,396,Completed,2,VIP,14256,15538,-1282,4.3
E0168,Optional real-time Graphic Interface,2023-10-05,New Karitown,Wolf LLC,462,64,193,Ongoing,3,"VIP, General",12352,14004,-1652,3.3
E0169,Mandatory static Graphic Interface,2023-09-19,Brockhaven,Smith and Sons,828,87,393,Upcoming,5,General,34191,5701,28490,4.1
E0170,Progressive explicit emulation,2023-10-01,Jamesport,Bright PLC,226,55,176,Completed,3,VIP,9680,6383,3297,3.1
E0171,Open-architected empowering hardware,2023-08-24,Port Heather,"Smith, Grimes and Perez",705,47,54,Upcoming,4,"VIP, General",2538,12257,-9719,4.0
E0172,Focused value-added strategy,2023-10-15,West Carolynchester,"Smith, Montoya and Wilson",533,100,893,Ongoing,5,General,89300,5081,84219,4.7
E0173,Customer-focused interactive challenge,2023-08-30,Ruizmouth,"Garner, Lambert and Baker",233,34,609,Completed,5,VIP,20706,14067,6639,4.0
E0174,Open-source asymmetric budgetary management,2023-10-05,East Laurenville,Flores-Goodman,774,32,611,Completed,1,General,19552,14428,5124,4.5
E0175,Ameliorated bottom-line hardware,2023-10-12,Dickersonfort,Aguilar and Sons,371,18,737,Upcoming,4,"VIP, General",13266,18155,-4889,4.7
E0176,Multi-channeled secondary concept,2023-09-18,Fisherside,"Bonilla, Nguyen and Ward",387,29,60,Ongoing,1,General,1740,7781,-6041,3.4
E0177,Front-line well-modulated contingency,2023-08-26,Amybury,Lowe and Sons,583,73,775,Completed,3,VIP,56575,12243,44332,4.6
E0178,Focused responsive neural-net,2023-10-08,Port Courtneyport,"Harris, Smith and Duarte",543,16,926,Ongoing,5,"VIP, General",14816,11588,3228,4.9
E0179,Profound systematic implementation,2023-10-13,Lynnshire,Alexander Inc,750,15,635,Upcoming,1,General,9525,12471,-2946,4.8
E0180,De-engineered modular algorithm,2023-08-29,Davisborough,Beltran LLC,796,87,682,Completed,5,VIP,59334,19276,40058,4.0
E0181,Total eco-centric implementation,2023-08-24,South Christophermouth,Flowers PLC,605,46,887,Upcoming,2,"VIP, General",40802,13550,27252,4.4
E0182,Re-contextualized non-volatile methodology,2023-08-20,Paulmouth,Guerrero-Acosta,125,56,758,Ongoing,2,General,42448,10212,32236,3.7
E0183,Advanced secondary utilization,2023-08-19,Albertberg,Hunter-Harrison,754,17,171,Completed,5,VIP,2907,7910,-5003,3.8
E0184,Grass-roots fresh-thinking framework,2023-09-02,Derektown,Sanchez Group,551,52,357,Completed,3,General,18564,13095,5469,3.3
E0185,Right-sized high-level emulation,2023-10-13,New Brian,Young and Sons,487,88,563,Upcoming,3,"VIP, General",49544,16145,33399,3.5
E0186,Future-proofed bifurcated utilization,2023-09-27,Lake Ruben,Jones Inc,946,51,510,Ongoing,2,General,26010,10998,15012,3.4
E0187,Organic exuding workforce,2023-09-19,East Maryside,Fuentes and Sons,603,97,608,Completed,5,VIP,58976,12189,46787,4.2
E0188,Quality-focused transitional strategy,2023-10-09,Christinatown,Lucas-Boyd,851,29,550,Ongoing,1,"VIP, General",15950,9550,6400,4.8
E0189,Sharable fresh-thinking challenge,2023-10-15,Joyfurt,Reynolds and Sons,170,74,480,Upcoming,3,General,35520,17474,18046,4.0
E0190,Multi-tiered exuding productivity,2023-10-01,Rodriguezberg,Williams-Watson,277,98,665,Completed,1,VIP,65170,16721,48449,4.9
E0191,Programmable hybrid strategy,2023-08-30,South Dawn,Burke-Jackson,824,57,521,Upcoming,2,"VIP, General",29697,10858,18839,3.9
E0192,Devolved disintermediate function,2023-10-01,Jamesmouth,Roy LLC,729,15,592,Ongoing,1,General,8880,17618,-8738,4.5
E0193,Organized methodical attitude,2023-10-06,Velazquezfurt,"Castillo, Nelson and Price",170,98,332,Completed,4,VIP,32536,15678,16858,4.0
E0194,Monitored bifurcated hierarchy,2023-09-03,Wilsonbury,Silva Group,127,10,175,Completed,2,General,1750,12236,-10486,4.2
E0195,Assimilated heuristic task-force,2023-10-06,North Amymouth,Bradford-Johnson,934,17,790,Upcoming,5,"VIP, General",13430,12650,780,3.1
E0196,Multi-tiered cohesive structure,2023-09-22,Tatefort,"Acosta, Martinez and Hall",221,73,54,Ongoing,2,General,3942,17949,-14007,3.9
E0197,Adaptive discrete hardware,2023-09-17,South Erikaberg,Harris Group,794,56,328,Completed,3,VIP,18368,19626,-1258,4.7
E0198,Self-enabling analyzing website,2023-09-16,North Sydneyburgh,Liu-Butler,686,74,282,Ongoing,1,"VIP, General",20868,10723,10145,3.0
E0199,Extended demand-driven task-force,2023-10-15,Rodriguezhaven,Fields-Stark,929,71,758,Upcoming,2,General,53818,13567,40251,3.2
E0200,Public-key global strategy,2023-08-27,East Tammyshire,"Bryan, Rodriguez and Kelly",624,93,592,Completed,1,VIP,55056,16525,38531,3.2
E0201,Down-sized modular benchmark,2023-08-29,Suarezburgh,Zimmerman Group,619,65,690,Upcoming,4,"VIP, General",44850,12051,32799,3.5
E0202,Ameliorated fault-tolerant throughput,2023-08-31,Evansmouth,Wagner-Lane,786,82,553,Ongoing,4,General,45346,16268,29078,4.8
E0203,Exclusive 24/7 open architecture,2023-09-09,East Kristy,Sosa-Roberts,634,66,940,Completed,3,VIP,62040,18661,43379,4.9
E0204,Extended coherent infrastructure,2023-08-30,Brittanyhaven,Walker LLC,592,99,460,Completed,4,General,45540,7374,38166,3.3
E0205,Vision-oriented methodical concept,2023-10-15,North Justinburgh,Palmer PLC,613,52,160,Upcoming,2,"VIP, General",8320,14378,-6058,4.3
E0206,Decentralized grid-enabled matrix,2023-08-30,North Cassandra,Murphy-Green,766,63,464,Ongoing,5,General,29232,9833,19399,4.1
E0207,Up-sized full-range adapter,2023-08-24,Martinhaven,Thornton-Johnson,609,71,227,Completed,1,VIP,16117,13583,2534,4.6
E0208,Robust uniform service-desk,2023-09-06,Kevinview,Castillo LLC,277,60,435,Ongoing,3,"VIP, General",26100,8069,18031,4.8
E0209,Enterprise-wide tangible system engine,2023-08-29,West Sandra,Vazquez Inc,766,16,253,Upcoming,5,General,4048,17804,-13756,3.2
E0210,Front-line system-worthy capability,2023-09-01,Hernandezmouth,"Jordan, Moreno and Burns",909,87,929,Completed,1,VIP,80823,6000,74823,4.2
E0211,Quality-focused human-resource paradigm,2023-10-13,New Joshua,Lewis-Gray,994,58,650,Upcoming,2,"VIP, General",37700,7923,29777,3.2
E0212,Open-architected dedicated success,2023-08-18,Maldonadobury,Patrick Group,498,59,783,Ongoing,4,General,46197,9886,36311,5.0
E0213,Programmable directional definition,2023-08-31,Hawkinshaven,Garcia-Holland,986,70,393,Completed,5,VIP,27510,13706,13804,4.4
E0214,Re-contextualized disintermediate portal,2023-10-15,Garyport,Scott Group,623,20,640,Completed,5,General,12800,14236,-1436,3.8
E0215,Reduced optimizing Internet solution,2023-08-25,Beltrantown,"Castro, Gonzalez and Hanson",566,61,583,Upcoming,3,"VIP, General",35563,5719,29844,4.8
E0216,Digitized foreground workforce,2023-09-10,Martinborough,Norton-Jackson,366,35,432,Ongoing,3,General,15120,9456,5664,3.1
E0217,Reactive asynchronous budgetary management,2023-09-09,East Taylor,Jenkins and Sons,534,97,814,Completed,1,VIP,78958,5339,73619,3.5
E0218,Face-to-face 4thgeneration core,2023-10-06,West Michele,"Rodriguez, Obrien and Benson",133,68,637,Ongoing,2,"VIP, General",43316,5097,38219,4.7
E0219,Horizontal neutral core,2023-10-11,Johnsonside,"Green, Christensen and Warren",564,67,684,Upcoming,4,General,45828,15108,30720,4.6
E0220,Vision-oriented bottom-line matrices,2023-09-03,Mercerstad,Woods-Smith,507,58,244,Completed,2,VIP,14152,11503,2649,3.8
E0221,Extended multimedia moratorium,2023-10-12,Kellymouth,"Small, Perez and Mason",688,63,559,Upcoming,4,"VIP, General",35217,13858,21359,3.5
E0222,Team-oriented client-server groupware,2023-09-19,Navarroville,Perez and Sons,105,22,710,Ongoing,3,General,15620,16675,-1055,3.6
E0223,Adaptive needs-based groupware,2023-09-13,East Tylerhaven,Wilson LLC,562,99,390,Completed,5,VIP,38610,17370,21240,4.8
E0224,Networked 24hour groupware,2023-09-24,Douglasmouth,"Manning, Day and Gonzalez",962,25,365,Completed,3,General,9125,6751,2374,4.0
E0225,Sharable full-range functionalities,2023-09-19,New Christopherhaven,Evans LLC,354,69,478,Upcoming,1,"VIP, General",32982,13278,19704,4.3
E0226,Quality-focused mobile hardware,2023-09-19,Petersborough,Butler Inc,701,58,735,Ongoing,4,General,42630,11391,31239,3.3
E0227,Persistent optimizing portal,2023-09-15,Margaretburgh,"Holmes, Delgado and Gay",673,43,554,Completed,1,VIP,23822,11942,11880,3.7
E0228,Object-based 4thgeneration product,2023-09-06,Debratown,"Farley, Carey and Hernandez",463,72,487,Ongoing,1,"VIP, General",35064,6637,28427,3.4
E0229,Devolved regional pricing structure,2023-09-06,East John,Miller-Reid,878,82,890,Upcoming,4,General,72980,8356,64624,3.5
E0230,Enhanced discrete customer loyalty,2023-09-06,Clarkville,"Wu, Jones and Bradley",252,56,943,Completed,3,VIP,52808,7399,45409,4.5
E0231,Customer-focused dedicated firmware,2023-09-20,New David,Meza-Cunningham,960,26,531,Upcoming,1,"VIP, General",13806,14513,-707,3.5
E0232,De-engineered leadingedge encoding,2023-08-20,Chenburgh,Davis LLC,563,92,690,Ongoing,5,General,63480,9920,53560,4.6
E0233,Balanced national structure,2023-09-29,Port Amychester,Liu-Zavala,629,100,655,Completed,3,VIP,65500,10647,54853,4.9
E0234,Ameliorated uniform policy,2023-09-23,North Jeremy,Shaffer-Mays,1000,24,133,Completed,2,General,3192,14485,-11293,4.8
E0235,Up-sized asymmetric leverage,2023-09-05,New Susanview,Rice-Gonzalez,977,38,335,Upcoming,2,"VIP, General",12730,7140,5590,4.1
E0236,Reverse-engineered didactic hierarchy,2023-09-09,New Kimberly,"Leonard, Thomas and Smith",708,74,222,Ongoing,5,General,16428,18950,-2522,3.9
E0237,Vision-oriented optimizing intranet,2023-08-31,Khanfurt,Vincent-Phillips,643,61,792,Completed,5,VIP,48312,8345,39967,4.1
E0238,Open-source web-enabled capability,2023-10-13,Lake Shannonside,"Harrington, Gibbs and Shelton",986,26,762,Ongoing,3,"VIP, General",19812,19458,354,3.7
E0239,Ameliorated discrete superstructure,2023-09-17,Martinezstad,Davis Group,495,100,833,Upcoming,2,General,83300,5279,78021,4.2
E0240,Open-architected analyzing matrix,2023-08-25,New Danielbury,"Woods, Nelson and Wheeler",574,80,641,Completed,2,VIP,51280,14810,36470,4.7
E0241,Total real-time archive,2023-08-27,East Ryanview,"Reyes, Dunn and Moran",111,49,669,Upcoming,4,"VIP, General",32781,12761,20020,5.0
E0242,Realigned grid-enabled parallelism,2023-09-11,New Wendy,Clark-Curry,926,32,894,Ongoing,3,General,28608,10006,18602,3.9
E0243,Persistent hybrid initiative,2023-10-05,East Dylan,"Martin, Grant and Hughes",108,86,823,Completed,4,VIP,70778,5498,65280,3.3
E0244,Self-enabling bi-directional orchestration,2023-08-22,Chasebury,Patterson-Hill,300,98,417,Completed,1,General,40866,7852,33014,4.9
E0245,Robust global array,2023-08-22,East Sheilashire,Shelton PLC,360,56,817,Upcoming,5,"VIP, General",45752,12225,33527,3.4
E0246,User-centric scalable success,2023-08-26,Lake Carol,Collins-Turner,686,75,459,Ongoing,2,General,34425,14962,19463,4.9
E0247,Assimilated 6thgeneration pricing structure,2023-09-03,Lake Michael,Stewart-Lee,466,77,897,Completed,1,VIP,69069,11197,57872,3.5
E0248,Synergized explicit archive,2023-09-11,West Jonathan,Wright PLC,342,32,269,Ongoing,5,"VIP, General",8608,19391,-10783,3.7
E0249,Integrated multi-state intranet,2023-10-03,East Jennifermouth,Brown-Thomas,574,56,921,Upcoming,3,General,51576,19684,31892,3.8
E0250,Vision-oriented zero tolerance throughput,2023-09-18,Paulachester,Simmons-Monroe,467,69,117,Completed,1,VIP,8073,5501,2572,3.9
